ICAO,Latitude,Longitude,Status,Type,Country,Elevation,Timezone,Runways
ZW-0043,-18.5269,25.693563,close,closed,Zimbabwe,3511,2,
ZW-0044,-16.344021,29.202102,close,closed,Zimbabwe,3268,2,
ZW-0045,-18.629722,25.979821,open,small_airport,Zimbabwe,,2,
ZW-0046,-15.956175,29.274619,open,small_airport,Zimbabwe,1370,2,
ZW-0047,-18.578396,32.117565,open,small_airport,Zimbabwe,4596,2,
ZW-0048,-18.9259,30.2742,open,heliport,Zimbabwe,,2,
ZW-0049,-18.533001,32.132999,close,closed,Zimbabwe,4560,2,
ZW-0050,-15.79535,29.19948,open,small_airport,Zimbabwe,1204,2,
ZW-0051,-17.19447,28.07068,open,small_airport,Zimbabwe,1719,2,
ZW-0052,-17.139068,28.342388,open,small_airport,Zimbabwe,2400,2,
ZW-0053,-17.93221,26.11749,open,small_airport,Zimbabwe,2805,2,
ZW-0054,-17.92962,25.77313,open,small_airport,Zimbabwe,3343,2,
ZW-0055,-17.91199,25.82802,open,heliport,Zimbabwe,3054,2,
ZW-0056,-17.96438,25.80993,open,heliport,Zimbabwe,3012,2,
ZW-0057,-17.96588,25.81055,open,heliport,Zimbabwe,3005,2,
ZW-0058,-17.252056,28.458581,open,small_airport,Zimbabwe,2203,2,
ZW-0059,-17.91354,25.83235,open,heliport,Zimbabwe,2986,2,
ZW-0060,-19.0826,27.457538,open,small_airport,Zimbabwe,3347,2,
ZW-0061,-19.509961,27.408571,close,closed,Zimbabwe,3370,2,
ZWAK,41.262501,80.291702,open,medium_airport,China,3816,6,9/27|7874|ASPH
ZWAL,40.464167,81.246944,open,small_airport,China,,6,1/19|9186|CON
ZWBL,44.895461,82.30007,open,medium_airport,China,1253,6,10/28|8530|UNPAVED
ZWCM,38.234516,85.465462,open,medium_airport,China,,6,4/22|9186|UNPAVED
ZWFY,46.804169,89.512006,open,medium_airport,China,3081,6,12/30|8530|UNPAVED
ZWHM,42.8414,93.669197,open,medium_airport,China,2703,6,11/29|7874|CON
ZWKC,41.677856,82.872917,open,small_airport,China,3524,6,8/26|8530|ASPH
ZWKL,41.6978,86.128899,open,medium_airport,China,,6,4/22|9121|UNPAVED
ZWKM,45.46655,84.9527,open,small_airport,China,,6,13/31|8530|UNPAVED
ZWKN,48.2223,86.9959,open,medium_airport,China,3921,6,12/30|8202|CON
ZWNL,43.4318,83.3786,open,medium_airport,China,3050,6,8/26|7546|ASPH
ZWRQ,38.974722,88.008333,open,medium_airport,China,2916,6,4/22|9186|UNPAVED
ZWSC,38.24542,77.056149,open,medium_airport,China,4232,6,15/33|9842|UNPAVED
ZWSH,39.54290009,76.01999664,open,medium_airport,China,4529,6,8/26|10499|CON
ZWSS,42.9117012,90.24749756,open,medium_airport,China,,6,
ZWTC,46.672501,83.340797,open,small_airport,China,,6,12/30|7808|UNPAVED
ZWTL,43.0308,89.0987,open,medium_airport,China,934,6,9/27|9186|UNPAVED
ZWTN,37.03850174,79.86489868,open,medium_airport,China,4672,6,11/29|10499|CON
ZWWW,43.90710068,87.47419739,open,large_airport,China,2125,6,7/25|11811|CON
ZWYN,43.955799,81.330299,open,small_airport,China,,6,6/24|7874|UNPAVED
ZWYT,36.8085,81.7827,open,small_airport,China,4731,6,8/26|10499|UNPAVED
ZYAS,41.105301,122.853996,open,medium_airport,China,,8,2/20|8530|UNPAVED
ZYCC,43.996201,125.684998,open,large_airport,China,706,8,6/24|10500|CON
ZYCH,39.266667,122.666944,open,medium_airport,China,80,8,17/35|2789|UNPAVED
ZYCY,41.538101,120.434998,open,medium_airport,China,568,8,18/36|6562|UNPAVED
ZYDU,48.441037,126.128374,open,medium_airport,China,984,8,8/26|8202|UNPAVED
ZYFX,42.069014,121.718122,open,small_airport,China,548,8,
ZYFY,48.197219,134.36298,open,medium_airport,China,,10,5/23|8202|UNPAVED
ZYGH,50.700277,121.3825,open,small_airport,China,2257,8,
ZYHB,45.623402,126.25,open,large_airport,China,457,8,5/23|10500|ASPH
ZYHE,50.171621,127.308884,open,medium_airport,China,1047,9,17/35|8202|ASPH
ZYJL,44.002652,126.395244,open,small_airport,China,,8,
ZYJM,46.843399,130.464996,open,medium_airport,China,262,8,6/24|7218|CON
ZYJS,47.108248,132.65792,open,medium_airport,China,,8,15/33|8202|CON
ZYJX,45.293,131.193,open,medium_airport,China,760,8,12/30|7546|CON
ZYJZ,41.101398,121.061996,open,small_airport,China,,8,
ZYLD,47.752056,129.019125,open,medium_airport,China,791,8,12/30|7546|UNPAVED
ZLYS,32.836389,97.036389,open,medium_airport,China,12816,8,10/28|12467|CON
ZYLY,41.277976,123.078729,open,small_airport,China,57,8,
ZYMD,44.52410126,129.5690002,open,medium_airport,China,883,8,4/22|8530|CON
ZYMH,52.916871,122.422759,open,medium_airport,China,1836,8,15/33|7218|CON
ZYQQ,47.23960114,123.9179993,open,medium_airport,China,477,8,17/35|8530|CON
ZYSQ,44.938114,124.550178,open,medium_airport,China,459,8,4/22|8202|UNPAVED
ZYTH,52.224444,124.720222,open,small_airport,China,1240,8,
ZYTL,38.965698,121.539001,open,large_airport,China,107,8,10/28|10827|CON
ZYTN,42.25388889,125.7033333,open,medium_airport,China,1200,8,5/23|7546|UNPAVED
ZYTX,41.639801,123.483002,open,large_airport,China,198,8,6/24|10499|CON
ZYXW,60.79299,-138.694027,close,closed,Canada,1997,-7,
ZYYJ,42.88280106,129.451004,open,medium_airport,China,624,8,9/27|8530|CON
ZYYK,40.542524,122.3586,open,medium_airport,China,,8,4/22|8202|UNPAVED
ZYYY,41.784401,123.496002,open,medium_airport,China,,8,
ZZ-0001,51.894444,1.4825,open,heliport,United Kingdom,40,1,
ZZ-0002,-11.58427778,47.29638889,open,small_airport,French Southern Territories,11,3,
87TX,32.110587,-97.356312,open,small_airport,United States,690,-5,15/33|1800|TURF
ZZZW,69.355287,-138.93931,close,closed,Canada,4,-7,
RJX7,30.784722,130.270556,open,small_airport,Japan,338,9,18/36|1713|CON